{
  "message": [
    {
      "buy": {
        "1690.9": 20990.939999999995,
        "1691.0": 20252.100000000017,
        "1691.1": 19438.770000000044,
        "1691.3": 6012.870000000005,
        "1691.4": 6012.870000000005,
        "1691.5": 6012.870000000005,
        "1691.6": 6012.870000000005,
        "1691.7": 6012.870000000005,
        "1691.8": 6012.870000000005,
        "1691.9": 6012.870000000005,
        "1692.0": 6012.870000000005,
        "1692.1": 6012.870000000005,
        "1692.2": 6012.870000000005,
        "1692.3": 6012.870000000005,
        "1692.5": 6012.870000000005,
        "1692.9": 6012.870000000005,
        "total_quantity": 66694.67999999998
      },
      "sell": {
        "1688.8": 44505220.92599998,
        "1688.9": 158212366.4970001,
        "1689.0": 145984330.83499992,
        "1689.1": 155743725.29000002,
        "1689.2": 150507923.80700034,
        "1689.3": 143430310.29399973,
        "1689.4": 138833957.3080002,
        "1689.5": 146510539.21899995,
        "1689.6": 140410150.53200033,
        "1689.7": 144435527.75500003,
        "1689.8": 141859777.85100013,
        "1689.9": 161542534.441,
        "1690.0": 139268685.02000007,
        "1690.1": 138610177.9299998,
        "1690.2": 150086280.0340001,
        "1690.3": 157397215.0940001,
        "1690.4": 160232559.45799986,
        "1690.5": 151192840.3950001,
        "1690.6": 141718273.22299993,
        "1690.7": 149502198.509,
        "1690.8": 137684281.18700013,
        "total_quantity": 2997668875.6050086
      }
    }
  ]
}
